{"epoch": 4, "step": 1, "loss": 2.547929286956787, "_runtime": 48, "_timestamp": 1644317329, "_step": 19, "Epoch": 4, "Epoch_Train_Loss": 2.5319037437438965, "Epoch_Val_Loss": 2.547929286956787, "_wandb": {"runtime": 46}}